5ec640,127.0.0.1,GET,http://localhost/elecciones/web/index_dev.php/,1493145528,,200
c9b853,127.0.0.1,GET,http://localhost/elecciones/web/index_dev.php/,1493145804,,200
a2af94,127.0.0.1,GET,http://localhost/elecciones/web/index_dev.php/circuitos,1493146836,,500
e4006e,127.0.0.1,GET,http://localhost/elecciones/web/index_dev.php/circuitos,1493146857,,500
8d3e2e,127.0.0.1,GET,http://localhost/elecciones/web/index_dev.php/circuitos,1493146877,,500
b2997c,127.0.0.1,GET,http://localhost/elecciones/web/index_dev.php/circuitos,1493146928,,500
667679,127.0.0.1,GET,http://localhost/elecciones/web/index_dev.php/circuitos,1493146946,,200
50db45,127.0.0.1,GET,http://localhost/elecciones/web/index_dev.php/circuitos,1493147111,,500
d95fc2,127.0.0.1,GET,http://localhost/elecciones/web/index_dev.php/circuitos,1493147131,,200
945b05,127.0.0.1,GET,http://localhost/elecciones/web/index_dev.php/circuitos,1493147147,,200
20c26c,127.0.0.1,GET,http://localhost/elecciones/web/index_dev.php/circuitos,1493147187,,200
8d8b64,127.0.0.1,GET,http://localhost/elecciones/web/index_dev.php/circuitos,1493147368,,200
feb3c2,127.0.0.1,GET,http://localhost/elecciones/web/index_dev.php/circuitos,1493147469,,200
faeba9,127.0.0.1,GET,http://localhost/elecciones/web/index_dev.php/circuitos,1493147507,,500
7427b5,127.0.0.1,GET,http://localhost/elecciones/web/index_dev.php/circuitos,1493147521,,200
2bc837,127.0.0.1,GET,http://localhost/elecciones/web/index_dev.php/circuitos,1493147599,,200
c85818,127.0.0.1,GET,http://localhost/elecciones/web/index_dev.php/circuitos,1493147610,,200
ba4db4,127.0.0.1,GET,http://localhost/elecciones/web/index_dev.php/circuitos,1493147689,,200
1bad94,127.0.0.1,GET,http://localhost/elecciones/web/index_dev.php/circuitos,1493147785,,200
540101,127.0.0.1,GET,http://localhost/elecciones/web/index_dev.php/circuitos,1493147790,,200
a2619d,127.0.0.1,GET,http://localhost/elecciones/web/index_dev.php/circuitos,1493147856,,200
766509,127.0.0.1,GET,http://localhost/elecciones/web/index_dev.php/circuitos,1493147870,,200
972322,127.0.0.1,GET,http://localhost/elecciones/web/index_dev.php/circuitos,1493147987,,200
2c0c19,127.0.0.1,GET,http://localhost/elecciones/web/index_dev.php/circuitos,1493148016,,200
b72747,127.0.0.1,GET,http://localhost/elecciones/web/index_dev.php/circuitos,1493148176,,200
381ea7,127.0.0.1,GET,http://localhost/elecciones/web/index_dev.php/secciones,1493148259,,404
5cce4a,127.0.0.1,GET,http://localhost/elecciones/web/index_dev.php/circuitos,1493148261,,200
2fb9b4,127.0.0.1,GET,http://localhost/elecciones/web/index_dev.php/secciones,1493148265,,404
56ab6e,127.0.0.1,GET,http://localhost/elecciones/web/index_dev.php/secciones,1493148364,,200
032c59,127.0.0.1,GET,http://localhost/elecciones/web/index_dev.php/secciones,1493148728,,200
f206e5,127.0.0.1,GET,http://localhost/elecciones/web/index_dev.php/circuitos,1493148731,,500
5762af,127.0.0.1,GET,http://localhost/elecciones/web/index_dev.php/circuitos,1493148808,,500
4f26fa,127.0.0.1,GET,http://localhost/elecciones/web/index_dev.php/circuitos,1493148825,,500
fa4cb0,127.0.0.1,GET,http://localhost/elecciones/web/index_dev.php/circuitos,1493148866,,200
43bb77,127.0.0.1,GET,http://localhost/elecciones/web/index_dev.php/secciones,1493148939,,200
da3d58,127.0.0.1,GET,http://localhost/elecciones/web/index_dev.php/index.html,1493149141,,404
0858ac,127.0.0.1,GET,http://localhost/elecciones/web/index_dev.php/secciones,1493149147,,200
248a1e,127.0.0.1,GET,http://localhost/elecciones/web/index_dev.php/provincia,1493149150,,200
a4bba3,127.0.0.1,GET,http://localhost/elecciones/web/index_dev.php/secciones,1493149155,,200
893213,127.0.0.1,GET,http://localhost/elecciones/web/index_dev.php/circuitos,1493149157,,200
40eb5d,127.0.0.1,GET,http://localhost/elecciones/web/index_dev.php/provincia,1493149161,,200
7a46c8,127.0.0.1,GET,http://localhost/elecciones/web/index_dev.php/provincia,1493149297,,200
fd979b,127.0.0.1,GET,http://localhost/elecciones/web/index_dev.php/provincia,1493149301,,200
e79861,127.0.0.1,GET,http://localhost/elecciones/web/index_dev.php/provincia,1493149315,,200
9e3d0d,127.0.0.1,GET,http://localhost/elecciones/web/index_dev.php/provincia,1493149404,,200
a4129d,127.0.0.1,GET,http://localhost/elecciones/web/index_dev.php/provincia,1493149485,,200
5932f4,127.0.0.1,GET,http://localhost/elecciones/web/index_dev.php/provincia,1493149593,,200
150c2d,127.0.0.1,GET,http://localhost/elecciones/web/index_dev.php/provincia,1493149602,,200
287375,127.0.0.1,GET,http://localhost/elecciones/web/index_dev.php/provincia,1493149636,,200
76a970,127.0.0.1,GET,http://localhost/elecciones/web/index_dev.php/circuitos,1493149670,,200
26b85a,127.0.0.1,GET,http://localhost/elecciones/web/index_dev.php/provincia,1493149674,,200
982f02,127.0.0.1,GET,http://localhost/elecciones/web/index_dev.php/secciones,1493150104,,200
49821b,127.0.0.1,GET,http://localhost/elecciones/web/index_dev.php/secciones,1493151206,,200
d968f1,127.0.0.1,GET,http://localhost/elecciones/web/index_dev.php/provincia,1493151208,,200
a3ab2c,127.0.0.1,GET,http://localhost/elecciones/web/index_dev.php/provincia,1493151246,,200
dda934,127.0.0.1,GET,http://localhost/elecciones/web/index_dev.php/filtrosdiputados,1493151250,,404
523c50,127.0.0.1,GET,http://localhost/elecciones/web/index_dev.php/provincia,1493151269,,200
3002ae,127.0.0.1,GET,http://localhost/elecciones/web/index_dev.php/filtrosgobernador,1493151271,,404
5666ec,127.0.0.1,GET,http://localhost/elecciones/web/index_dev.php/filtrosgobernador,1493151298,,500
bfca80,127.0.0.1,GET,http://localhost/elecciones/web/index_dev.php/filtrosgobernador,1493151300,,500
409fb3,127.0.0.1,GET,http://localhost/elecciones/web/index_dev.php/filtrosgobernador,1493151324,,500
d68624,127.0.0.1,GET,http://localhost/elecciones/web/index_dev.php/filtrosgobernador,1493151341,,200
479f11,127.0.0.1,GET,http://localhost/elecciones/web/index_dev.php/filtrosgobernador,1493151421,,200
b1af9b,127.0.0.1,GET,http://localhost/elecciones/web/index_dev.php/provincia,1493151435,,200
833213,127.0.0.1,GET,http://localhost/elecciones/web/index_dev.php/filtrosdiputados,1493151437,,404
c8c62b,127.0.0.1,GET,http://localhost/elecciones/web/index_dev.php/filtrosgobernador,1493152532,,500
b37178,127.0.0.1,GET,http://localhost/elecciones/web/index_dev.php/filtrosgobernador,1493152643,,200
1f6214,127.0.0.1,GET,http://localhost/elecciones/web/index_dev.php/filtrosgobernador,1493152855,,500
3655fe,127.0.0.1,GET,http://localhost/elecciones/web/index_dev.php/filtrosgobernador,1493152890,,200
ea9b0b,127.0.0.1,POST,http://localhost/elecciones/web/index_dev.php/filtrosgobernador,1493152897,,405
a10f57,127.0.0.1,GET,http://localhost/elecciones/web/index_dev.php/filtrosgobernador,1493152949,,200
21cfa9,127.0.0.1,GET,http://localhost/elecciones/web/index_dev.php/filtrosgobernador,1493153320,,200
d5ff91,127.0.0.1,POST,http://localhost/elecciones/web/index_dev.php/filtrosgobernador,1493153322,,302
b025dd,127.0.0.1,GET,http://localhost/elecciones/web/index_dev.php/filtrosgobernador,1493153328,,200
c522a9,127.0.0.1,POST,http://localhost/elecciones/web/index_dev.php/filtrosgobernador,1493153329,,302
23157f,127.0.0.1,GET,http://localhost/elecciones/web/index_dev.php/filtrosgobernador,1493153351,,200
990ade,127.0.0.1,POST,http://localhost/elecciones/web/index_dev.php/filtrosgobernador,1493153352,,500
3c9665,127.0.0.1,POST,http://localhost/elecciones/web/index_dev.php/filtrosgobernador,1493153364,,500
777ef8,127.0.0.1,GET,http://localhost/elecciones/web/index_dev.php/filtrosgobernador,1493153369,,200
b542c1,127.0.0.1,POST,http://localhost/elecciones/web/index_dev.php/filtrosgobernador,1493153376,,500
05d49c,127.0.0.1,GET,http://localhost/elecciones/web/index_dev.php/filtrosgobernador,1493153416,,200
dc6ea5,127.0.0.1,POST,http://localhost/elecciones/web/index_dev.php/filtrosgobernador,1493153419,,500
b98c85,127.0.0.1,POST,http://localhost/elecciones/web/index_dev.php/filtrosgobernador,1493153443,,500
be4c74,127.0.0.1,GET,http://localhost/elecciones/web/index_dev.php/filtrosgobernador,1493153451,,200
23f0b0,127.0.0.1,POST,http://localhost/elecciones/web/index_dev.php/filtrosgobernador,1493153456,,500
d45491,127.0.0.1,GET,http://localhost/elecciones/web/index_dev.php/filtrosgobernador,1493153532,,200
0ba230,127.0.0.1,POST,http://localhost/elecciones/web/index_dev.php/filtrosgobernador,1493153542,,500
d8edb3,127.0.0.1,POST,http://localhost/elecciones/web/index_dev.php/filtrosgobernador,1493153598,,200
3c6ebd,127.0.0.1,POST,http://localhost/elecciones/web/index_dev.php/filtrosgobernador,1493153604,,200
94c445,127.0.0.1,GET,http://localhost/elecciones/web/index_dev.php/filtrosgobernador,1493154508,,500
958d3b,127.0.0.1,GET,http://localhost/elecciones/web/index_dev.php/filtrosgobernador,1493154622,,200
cc1d84,127.0.0.1,POST,http://localhost/elecciones/web/index_dev.php/filtrosgobernador,1493154629,,200
459819,127.0.0.1,POST,http://localhost/elecciones/web/index_dev.php/filtrosgobernador,1493154701,,200
807565,127.0.0.1,GET,http://localhost/elecciones/web/index_dev.php/filtrosgobernador,1493154754,,200
0ab226,127.0.0.1,POST,http://localhost/elecciones/web/index_dev.php/filtrosgobernador,1493154759,,200
282b87,127.0.0.1,GET,http://localhost/elecciones/web/index_dev.php/filtrosgobernador,1493155003,,500
da73d8,127.0.0.1,GET,http://localhost/elecciones/web/index_dev.php/filtrosgobernador,1493155033,,200
b1d932,127.0.0.1,GET,http://localhost/elecciones/web/index_dev.php/filtrosgobernador,1493155387,,200
80af16,127.0.0.1,POST,http://localhost/elecciones/web/index_dev.php/filtrosgobernador,1493155391,,500
f26f61,127.0.0.1,POST,http://localhost/elecciones/web/index_dev.php/filtrosgobernador,1493155429,,500
2ef8ee,127.0.0.1,POST,http://localhost/elecciones/web/index_dev.php/filtrosgobernador,1493155482,,500
469c48,127.0.0.1,POST,http://localhost/elecciones/web/index_dev.php/filtrosgobernador,1493155508,,200
b44e50,127.0.0.1,POST,http://localhost/elecciones/web/index_dev.php/filtrosgobernador,1493155514,,200
70b20e,127.0.0.1,POST,http://localhost/elecciones/web/index_dev.php/filtrosgobernador,1493155597,,500
68033a,127.0.0.1,POST,http://localhost/elecciones/web/index_dev.php/filtrosgobernador,1493155642,,200
cce4e9,127.0.0.1,POST,http://localhost/elecciones/web/index_dev.php/filtrosgobernador,1493155647,,200
d3d681,127.0.0.1,POST,http://localhost/elecciones/web/index_dev.php/filtrosgobernador,1493155765,,500
0e4384,127.0.0.1,POST,http://localhost/elecciones/web/index_dev.php/filtrosgobernador,1493155815,,200
e18b3f,127.0.0.1,GET,http://localhost/elecciones/web/index_dev.php/filtrosgobernador,1493156071,,500
09f5b3,127.0.0.1,GET,http://localhost/elecciones/web/index_dev.php/filtrosgobernador,1493156082,,200
6de90c,127.0.0.1,POST,http://localhost/elecciones/web/index_dev.php/filtrosgobernador,1493156089,,200
17fd7b,127.0.0.1,GET,http://localhost/elecciones/web/index_dev.php/circuitos,1493156209,,200
c7966b,127.0.0.1,GET,http://localhost/elecciones/web/index_dev.php/secciones,1493156212,,200
be74c1,127.0.0.1,GET,http://localhost/elecciones/web/index_dev.php/provincia,1493156214,,200
ab3870,127.0.0.1,GET,http://localhost/elecciones/web/index_dev.php/filtrosgobernador,1493156215,,200
05f6de,127.0.0.1,POST,http://localhost/elecciones/web/index_dev.php/filtrosgobernador,1493156221,,200
85387a,127.0.0.1,GET,http://localhost/elecciones/web/index_dev.php/filtrosgobernador,1493156426,,500
d9cdf4,127.0.0.1,GET,http://localhost/elecciones/web/index_dev.php/filtrosgobernador,1493156464,,500
06f0dc,127.0.0.1,GET,http://localhost/elecciones/web/index_dev.php/filtrosgobernador,1493156502,,500
eabd58,127.0.0.1,GET,http://localhost/elecciones/web/index_dev.php/filtrosgobernador,1493156514,,200
5f3ec9,127.0.0.1,POST,http://localhost/elecciones/web/index_dev.php/filtrosgobernador,1493156518,,200
e1af7e,127.0.0.1,POST,http://localhost/elecciones/web/index_dev.php/filtrosgobernador,1493156577,,200
96c301,127.0.0.1,POST,http://localhost/elecciones/web/index_dev.php/filtrosgobernador,1493156585,,200
c2b5e6,127.0.0.1,GET,http://localhost/elecciones/web/index_dev.php/filtrosgobernador,1493156767,,200
bf27f8,127.0.0.1,GET,http://localhost/elecciones/web/index_dev.php/provincia,1493156770,,200
9daa97,127.0.0.1,GET,http://localhost/elecciones/web/index_dev.php/filtrosdiputados,1493156774,,404
f066ac,127.0.0.1,GET,http://localhost/elecciones/web/index_dev.php/tables.html,1493156778,,404
4a4264,127.0.0.1,GET,http://localhost/elecciones/web/index_dev.php/tables.html,1493156833,,404
8a2211,127.0.0.1,GET,http://localhost/elecciones/web/index_dev.php/index.html,1493156837,,404
f2c61e,127.0.0.1,GET,http://localhost/elecciones/web/index_dev.php/,1493156842,,500
083c7c,127.0.0.1,GET,http://localhost/elecciones/web/index_dev.php/estado,1493156847,,404
1818fb,127.0.0.1,GET,http://localhost/elecciones/web/index_dev.php/,1493156851,,500
50d152,127.0.0.1,GET,http://localhost/elecciones/web/index_dev.php/,1493156853,,500
1065fa,127.0.0.1,GET,http://localhost/elecciones/web/index_dev.php/,1493156855,,500
77182a,127.0.0.1,GET,http://localhost/elecciones/web/index_dev.php/,1493156872,,200
99fa5e,127.0.0.1,GET,http://localhost/elecciones/web/index_dev.php/,1493157124,,200
ee8b31,127.0.0.1,GET,http://localhost/elecciones/web/index_dev.php/,1493157259,,200
6b1f3b,127.0.0.1,GET,http://localhost/elecciones/web/index_dev.php/,1493157327,,200
cb2454,127.0.0.1,GET,http://localhost/elecciones/web/index_dev.php/,1493157595,,200
b70b05,127.0.0.1,GET,http://localhost/elecciones/web/index_dev.php/,1493157802,,200
b95de4,127.0.0.1,GET,http://localhost/elecciones/web/index_dev.php/,1493158009,,200
8625f3,127.0.0.1,GET,http://localhost/elecciones/web/index_dev.php/,1493158028,,200
12d9dc,127.0.0.1,GET,http://localhost/elecciones/web/index_dev.php/provincia,1493158034,,200
b7c8af,127.0.0.1,GET,http://localhost/elecciones/web/index_dev.php/,1493158038,,200
65fe1d,127.0.0.1,GET,http://localhost/elecciones/web/index_dev.php/,1493158068,,200
3e1061,127.0.0.1,GET,http://localhost/elecciones/web/index_dev.php/provincia,1493158072,,200
79adfc,127.0.0.1,GET,http://localhost/elecciones/web/index_dev.php/filtrosgobernador,1493158075,,200
bcced9,127.0.0.1,POST,http://localhost/elecciones/web/index_dev.php/filtrosgobernador,1493158084,,200
f53f55,127.0.0.1,GET,http://localhost/elecciones/web/index_dev.php/provincia,1493158089,,200
e82932,127.0.0.1,GET,http://localhost/elecciones/web/index_dev.php/filtrosdiputados,1493158091,,404
499678,127.0.0.1,GET,http://localhost/elecciones/web/index_dev.php/secciones,1493158108,,200
f6dee6,127.0.0.1,GET,http://localhost/elecciones/web/index_dev.php/secciones,1493158257,,200
fb4b70,127.0.0.1,GET,http://localhost/elecciones/web/index_dev.php/provincia,1493158259,,200
b4b17b,127.0.0.1,GET,http://localhost/elecciones/web/index_dev.php/filtrosgobernador,1493158261,,200
381249,127.0.0.1,GET,http://localhost/elecciones/web/index_dev.php/secciones,1493158266,,200
7678f3,127.0.0.1,GET,http://localhost/elecciones/web/index_dev.php/secciones,1493158565,,200
3e4def,127.0.0.1,GET,http://localhost/elecciones/web/index_dev.php/filtrossenador/1,1493158569,,404
7eb4c1,127.0.0.1,GET,http://localhost/elecciones/web/index_dev.php/filtrossenador/1,1493158608,,404
11af97,127.0.0.1,GET,http://localhost/elecciones/web/index_dev.php/filtrossenador/1,1493158610,,404
a2ebef,127.0.0.1,GET,http://localhost/elecciones/web/index_dev.php/filtrossenador/1/,1493158614,,404
6d36c3,127.0.0.1,GET,http://localhost/elecciones/web/index_dev.php/filtrossenador/1/,1493158628,,404
541ff3,127.0.0.1,GET,http://localhost/elecciones/web/index_dev.php/filtrossenador/1/,1493158629,,404
79bf40,127.0.0.1,GET,http://localhost/elecciones/web/index_dev.php/filtrossenador/1,1493158631,,500
47ec3e,127.0.0.1,GET,http://localhost/elecciones/web/index_dev.php/filtrossenador/1,1493158661,,200
7e509d,127.0.0.1,GET,http://localhost/elecciones/web/index_dev.php/filtrossenador/1,1493158701,,200
e1048b,127.0.0.1,GET,http://localhost/elecciones/web/index_dev.php/filtrossenador/1,1493158710,,200
7b5fef,127.0.0.1,POST,http://localhost/elecciones/web/index_dev.php/filtrossenador/filtrossenador,1493158714,,405
2c84d3,127.0.0.1,GET,http://localhost/elecciones/web/index_dev.php/filtrossenador/filtrossenador,1493158949,,200
4e9828,127.0.0.1,GET,http://localhost/elecciones/web/index_dev.php/filtrossenador/1,1493158967,,200
93f898,127.0.0.1,GET,http://localhost/elecciones/web/index_dev.php/filtrossenador/2,1493158969,,200
f1437b,127.0.0.1,GET,http://localhost/elecciones/web/index_dev.php/filtrossenador/3,1493158972,,200
563bf5,127.0.0.1,GET,http://localhost/elecciones/web/index_dev.php/filtrossenador/4,1493158975,,200
5fe8e4,127.0.0.1,GET,http://localhost/elecciones/web/index_dev.php/filtrossenador/5,1493158977,,200
74e765,127.0.0.1,GET,http://localhost/elecciones/web/index_dev.php/filtrossenador/6,1493158980,,200
506c2b,127.0.0.1,GET,http://localhost/elecciones/web/index_dev.php/filtrossenador/6,1493158992,,200
1e4e04,127.0.0.1,GET,http://localhost/elecciones/web/index_dev.php/filtrossenador/6,1493159387,,200
e6cd43,127.0.0.1,GET,http://localhost/elecciones/web/index_dev.php/filtrossenador/7,1493159393,,200
b6dd79,127.0.0.1,GET,http://localhost/elecciones/web/index_dev.php/filtrossenador/7,1493159411,,200
dfb8b4,127.0.0.1,GET,http://localhost/elecciones/web/index_dev.php/filtrossenador/8,1493159414,,200
6e6b61,127.0.0.1,GET,http://localhost/elecciones/web/index_dev.php/filtrossenador/circuitos,1493159837,,500
1c4140,127.0.0.1,GET,http://localhost/elecciones/web/index_dev.php//circuitos,1493159866,,404
6b6385,127.0.0.1,GET,http://localhost/elecciones/web/index_dev.php/circuitos,1493159872,,200
4bc8e3,127.0.0.1,GET,http://localhost/elecciones/web/index_dev.php/,1493202606,,200
33c2f2,127.0.0.1,GET,http://localhost/elecciones/web/index_dev.php/,1493202667,,200
77784d,127.0.0.1,GET,http://localhost/elecciones/web/index_dev.php/,1493202670,,200
05ddf2,127.0.0.1,GET,http://localhost/elecciones/web/index_dev.php/circuitos,1493202719,,500
611b2c,127.0.0.1,GET,http://localhost/elecciones/web/index_dev.php/circuitos,1493203556,,200
0ea3a7,127.0.0.1,GET,http://localhost/elecciones/web/index_dev.php/flot,1493203556,,404
54ce93,127.0.0.1,GET,http://localhost/elecciones/web/index_dev.php/flot,1493203557,,404
66dac8,127.0.0.1,GET,http://localhost/elecciones/web/index_dev.php/secciones,1493203559,,200
f9d0c3,127.0.0.1,GET,http://localhost/elecciones/web/index_dev.php/flot,1493203559,,404
e6ea7b,127.0.0.1,GET,http://localhost/elecciones/web/index_dev.php/flot,1493203559,,404
33bcc3,127.0.0.1,GET,http://localhost/elecciones/web/index_dev.php/provincia,1493203580,,200
9501ca,127.0.0.1,GET,http://localhost/elecciones/web/index_dev.php/flot,1493203580,,404
07b563,127.0.0.1,GET,http://localhost/elecciones/web/index_dev.php/flot,1493203580,,404
9acf7a,127.0.0.1,GET,http://localhost/elecciones/web/index_dev.php/filtrosgobernador,1493203582,,200
b55834,127.0.0.1,GET,http://localhost/elecciones/web/index_dev.php/flot,1493203582,,404
96a01d,127.0.0.1,GET,http://localhost/elecciones/web/index_dev.php/flot,1493203582,,404
c2b254,127.0.0.1,GET,http://localhost/elecciones/web/index_dev.php/filtrosgobernador,1493203716,,200
fd2ce5,127.0.0.1,GET,http://localhost/elecciones/web/index_dev.php/flot,1493203716,,404
962b8c,127.0.0.1,GET,http://localhost/elecciones/web/index_dev.php/flot,1493203716,,404
28ac96,127.0.0.1,GET,http://localhost/elecciones/web/index_dev.php/provincia,1493203719,,500
ac9b31,127.0.0.1,GET,http://localhost/elecciones/web/index_dev.php/provincia,1493203778,,500
717f6a,127.0.0.1,GET,http://localhost/elecciones/web/index_dev.php/provincia,1493203780,,500
8a8168,127.0.0.1,GET,http://localhost/elecciones/web/index_dev.php/provincia,1493203784,,500
371fe3,127.0.0.1,GET,http://localhost/elecciones/web/index_dev.php/provincia,1493203922,,500
d443b9,127.0.0.1,GET,http://localhost/elecciones/web/index_dev.php/provincia,1493203941,,200
cee18e,127.0.0.1,GET,http://localhost/elecciones/web/index_dev.php/flot,1493203941,,404
6f4d87,127.0.0.1,GET,http://localhost/elecciones/web/index_dev.php/flot,1493203941,,404
7dabf5,127.0.0.1,GET,http://localhost/elecciones/web/index_dev.php/provincia,1493203992,,200
fde613,127.0.0.1,GET,http://localhost/elecciones/web/index_dev.php/flot,1493203992,,404
3505c7,127.0.0.1,GET,http://localhost/elecciones/web/index_dev.php/flot,1493203992,,404
6d6bc5,127.0.0.1,GET,http://localhost/elecciones/web/index_dev.php/filtrosgobernador,1493203994,,200
4e89cf,127.0.0.1,GET,http://localhost/elecciones/web/index_dev.php/flot,1493203994,,404
bf7b84,127.0.0.1,GET,http://localhost/elecciones/web/index_dev.php/flot,1493203994,,404
383990,127.0.0.1,POST,http://localhost/elecciones/web/index_dev.php/filtrosgobernador,1493204011,,200
bbf14a,127.0.0.1,GET,http://localhost/elecciones/web/index_dev.php/flot,1493204011,,404
66ada1,127.0.0.1,GET,http://localhost/elecciones/web/index_dev.php/flot,1493204012,,404
c5be85,127.0.0.1,GET,http://localhost/elecciones/web/index_dev.php/index.html,1493207688,,404
f90d0d,127.0.0.1,GET,http://localhost/elecciones/web/index_dev.php/index.html,1493207776,,404
9fb422,127.0.0.1,GET,http://localhost/elecciones/web/index_dev.php/filtrosgobernador,1493207780,,500
5b80c1,127.0.0.1,GET,http://localhost/elecciones/web/index_dev.php/filtrosgobernador,1493207826,,200
0332a5,127.0.0.1,GET,http://localhost/elecciones/web/index_dev.php/flot,1493207826,,404
482b95,127.0.0.1,GET,http://localhost/elecciones/web/index_dev.php/flot,1493207826,,404
60cc58,127.0.0.1,GET,http://localhost/elecciones/web/index_dev.php/,1493207827,,200
32d106,127.0.0.1,GET,http://localhost/elecciones/web/index_dev.php/flot,1493207827,,404
980ccb,127.0.0.1,GET,http://localhost/elecciones/web/index_dev.php/flot,1493207828,,404
12efe7,127.0.0.1,GET,http://localhost/elecciones/web/index_dev.php/,1493207879,,200
21f845,127.0.0.1,GET,http://localhost/elecciones/web/index_dev.php/flot,1493207879,,404
6354e0,127.0.0.1,GET,http://localhost/elecciones/web/index_dev.php/flot,1493207879,,404
4fa957,127.0.0.1,GET,http://localhost/elecciones/web/index_dev.php/,1493207896,,200
832474,127.0.0.1,GET,http://localhost/elecciones/web/index_dev.php/flot,1493207896,,404
439abe,127.0.0.1,GET,http://localhost/elecciones/web/index_dev.php/flot,1493207896,,404
de61d3,127.0.0.1,GET,http://localhost/elecciones/web/index_dev.php/circuitos,1493207901,,200
1c5f10,127.0.0.1,GET,http://localhost/elecciones/web/index_dev.php/flot,1493207901,,404
4c19c9,127.0.0.1,GET,http://localhost/elecciones/web/index_dev.php/flot,1493207901,,404
48ff2a,127.0.0.1,GET,http://localhost/elecciones/web/index_dev.php/secciones,1493207959,,200
593e16,127.0.0.1,GET,http://localhost/elecciones/web/index_dev.php/flot,1493207959,,404
9b818b,127.0.0.1,GET,http://localhost/elecciones/web/index_dev.php/flot,1493207959,,404
1ca943,127.0.0.1,GET,http://localhost/elecciones/web/index_dev.php/provincia,1493207960,,200
bc57ce,127.0.0.1,GET,http://localhost/elecciones/web/index_dev.php/flot,1493207960,,404
f5d08f,127.0.0.1,GET,http://localhost/elecciones/web/index_dev.php/flot,1493207960,,404
c818ac,127.0.0.1,GET,http://localhost/elecciones/web/index_dev.php/circuitos,1493207968,,200
46d2a9,127.0.0.1,GET,http://localhost/elecciones/web/index_dev.php/flot,1493207969,,404
2954b1,127.0.0.1,GET,http://localhost/elecciones/web/index_dev.php/flot,1493207969,,404
87da8f,127.0.0.1,GET,http://localhost/elecciones/web/index_dev.php/mesa/34,1493298402,,500
3c8382,127.0.0.1,GET,http://localhost/elecciones/web/index_dev.php/mesa/34,1493298426,,500
7e7a06,127.0.0.1,GET,http://localhost/elecciones/web/index_dev.php/mesa/34,1493298460,,500
a3e612,127.0.0.1,GET,http://localhost/elecciones/web/index_dev.php/mesa/34,1493298835,,500
d5f91a,127.0.0.1,GET,http://localhost/elecciones/web/index_dev.php/mesa/34,1493298880,,500
408858,127.0.0.1,GET,http://localhost/elecciones/web/index_dev.php/mesa/34,1493298905,,500
e8bf4d,127.0.0.1,GET,http://localhost/elecciones/web/index_dev.php/mesa/34,1493302563,,500
855747,127.0.0.1,GET,http://localhost/elecciones/web/index_dev.php/mesa/34,1493302619,,500
467579,127.0.0.1,GET,http://localhost/elecciones/web/index_dev.php/mesa/34,1493302636,,500
c59d28,127.0.0.1,GET,http://localhost/elecciones/web/index_dev.php/mesa/34,1493302691,,500
7ed988,127.0.0.1,GET,http://localhost/elecciones/web/index_dev.php/mesa/34,1493302777,,500
485086,127.0.0.1,GET,http://localhost/elecciones/web/index_dev.php/mesa/34,1493302840,,500
408fa6,127.0.0.1,GET,http://localhost/elecciones/web/index_dev.php/mesa/34,1493302911,,500
d5b318,127.0.0.1,GET,http://localhost/elecciones/web/index_dev.php/mesa/34,1493302982,,500
04e70d,127.0.0.1,GET,http://localhost/elecciones/web/index_dev.php/mesa/34,1493303002,,500
d00aeb,127.0.0.1,GET,http://localhost/elecciones/web/index_dev.php/mesa/34,1493303074,,500
b74918,127.0.0.1,GET,http://localhost/elecciones/web/index_dev.php/mesa/34,1493303087,,200
f2bad8,127.0.0.1,GET,http://localhost/elecciones/web/index_dev.php/mesa/flot,1493303087,,500
825b60,127.0.0.1,GET,http://localhost/elecciones/web/index_dev.php/mesa/flot,1493303087,,500
cb0722,127.0.0.1,GET,http://localhost/elecciones/web/index_dev.php/mesa/34,1493303088,,200
fe9ab6,127.0.0.1,GET,http://localhost/elecciones/web/index_dev.php/mesa/flot,1493303088,,500
a50304,127.0.0.1,GET,http://localhost/elecciones/web/index_dev.php/mesa/flot,1493303088,,500
ca0de6,127.0.0.1,GET,http://localhost/elecciones/web/index_dev.php/mesa/34,1493303089,,200
a5b09f,127.0.0.1,GET,http://localhost/elecciones/web/index_dev.php/mesa/flot,1493303089,,500
22fc57,127.0.0.1,GET,http://localhost/elecciones/web/index_dev.php/mesa/flot,1493303089,,500
358e1c,127.0.0.1,GET,http://localhost/elecciones/web/index_dev.php/mesa/34,1493303090,,200
2efb1d,127.0.0.1,GET,http://localhost/elecciones/web/index_dev.php/mesa/flot,1493303090,,500
d23ea3,127.0.0.1,GET,http://localhost/elecciones/web/index_dev.php/mesa/flot,1493303090,,500
1773ae,127.0.0.1,GET,http://localhost/elecciones/web/index_dev.php/mesa/34,1493303091,,200
ca75b8,127.0.0.1,GET,http://localhost/elecciones/web/index_dev.php/mesa/flot,1493303091,,500
bf4256,127.0.0.1,GET,http://localhost/elecciones/web/index_dev.php/mesa/flot,1493303091,,500
16f093,127.0.0.1,GET,http://localhost/elecciones/web/index_dev.php/mesa/34,1493303092,,200
c8f3b9,127.0.0.1,GET,http://localhost/elecciones/web/index_dev.php/mesa/flot,1493303092,,500
ae1478,127.0.0.1,GET,http://localhost/elecciones/web/index_dev.php/mesa/flot,1493303092,,500
ff8e46,127.0.0.1,GET,http://localhost/elecciones/web/index_dev.php/mesa/34,1493303178,,500
ed9bb3,127.0.0.1,GET,http://localhost/elecciones/web/index_dev.php/mesa/34,1493303201,,200
369d57,127.0.0.1,GET,http://localhost/elecciones/web/index_dev.php/mesa/flot,1493303201,,500
5889de,127.0.0.1,GET,http://localhost/elecciones/web/index_dev.php/mesa/flot,1493303201,,500
ae98c0,127.0.0.1,GET,http://localhost/elecciones/web/index_dev.php/mesa/34,1493303240,,500
880b9e,127.0.0.1,GET,http://localhost/elecciones/web/index_dev.php/mesa/34,1493303298,,500
a5b38d,127.0.0.1,GET,http://localhost/elecciones/web/index_dev.php/mesa/34,1493303368,,500
80d977,127.0.0.1,GET,http://localhost/elecciones/web/index_dev.php/mesa/34,1493303385,,500
7ef44b,127.0.0.1,GET,http://localhost/elecciones/web/index_dev.php/mesa/34,1493303470,,500
055473,127.0.0.1,GET,http://localhost/elecciones/web/index_dev.php/mesa/34,1493303491,,500
d35d3b,127.0.0.1,GET,http://localhost/elecciones/web/index_dev.php/mesa/34,1493303501,,200
c2fa3b,127.0.0.1,GET,http://localhost/elecciones/web/index_dev.php/mesa/flot,1493303501,,500
20d411,127.0.0.1,GET,http://localhost/elecciones/web/index_dev.php/mesa/34,1493303547,,200
7569df,127.0.0.1,GET,http://localhost/elecciones/web/index_dev.php/mesa/flot,1493303547,,500
e92a90,127.0.0.1,GET,http://localhost/elecciones/web/index_dev.php/mesa/flot,1493303547,,500
3d5eb4,127.0.0.1,GET,http://localhost/elecciones/web/index_dev.php/mesa/34,1493303550,,200
493152,127.0.0.1,GET,http://localhost/elecciones/web/index_dev.php/mesa/34,1493303599,,200
1bda83,127.0.0.1,GET,http://localhost/elecciones/web/index_dev.php/mesa/34,1493303625,,200
f449e1,127.0.0.1,GET,http://localhost/elecciones/web/index_dev.php/mesa/flot,1493303626,,500
dcf319,127.0.0.1,GET,http://localhost/elecciones/web/index_dev.php/mesa/flot,1493303626,,500
261032,127.0.0.1,GET,http://localhost/elecciones/web/index_dev.php/mesa/34,1493303648,,200
5d08a9,127.0.0.1,GET,http://localhost/elecciones/web/index_dev.php/mesa/flot,1493303648,,500
8a2fc2,127.0.0.1,GET,http://localhost/elecciones/web/index_dev.php/mesa/flot,1493303648,,500
a76b04,127.0.0.1,GET,http://localhost/elecciones/web/index_dev.php/mesa/34,1493303674,,200
f2dfa2,127.0.0.1,GET,http://localhost/elecciones/web/index_dev.php/mesa/flot,1493303674,,500
9fc980,127.0.0.1,GET,http://localhost/elecciones/web/index_dev.php/mesa/flot,1493303674,,500
5cd0ce,127.0.0.1,GET,http://localhost/elecciones/web/index_dev.php/mesa/34,1493306128,,200
e5e003,127.0.0.1,GET,http://localhost/elecciones/web/index_dev.php/mesa/flot,1493306128,,500
598210,127.0.0.1,GET,http://localhost/elecciones/web/index_dev.php/mesa/flot,1493306128,,500
f334d3,127.0.0.1,GET,http://localhost/elecciones/web/index_dev.php/mesa/34,1493306209,,200
8afd9b,127.0.0.1,GET,http://localhost/elecciones/web/index_dev.php/mesa/flot,1493306209,,500
ed9028,127.0.0.1,GET,http://localhost/elecciones/web/index_dev.php/mesa/flot,1493306209,,500
1b5ad8,127.0.0.1,GET,http://localhost/elecciones/web/index_dev.php/mesa/34,1493306269,,200
2d2c05,127.0.0.1,GET,http://localhost/elecciones/web/index_dev.php/mesa/flot,1493306269,,500
d99079,127.0.0.1,GET,http://localhost/elecciones/web/index_dev.php/mesa/flot,1493306269,,500
10e30b,127.0.0.1,GET,http://localhost/elecciones/web/index_dev.php/mesa/34,1493306288,,200
55501b,127.0.0.1,GET,http://localhost/elecciones/web/index_dev.php/mesa/flot,1493306288,,500
7119df,127.0.0.1,GET,http://localhost/elecciones/web/index_dev.php/mesa/flot,1493306288,,500
dc85c4,127.0.0.1,GET,http://localhost/elecciones/web/index_dev.php/mesa/34,1493306998,,200
bab78e,127.0.0.1,GET,http://localhost/elecciones/web/index_dev.php/mesa/flot,1493306998,,500
96d11d,127.0.0.1,GET,http://localhost/elecciones/web/index_dev.php/mesa/flot,1493306998,,500
c69a44,127.0.0.1,GET,http://localhost/elecciones/web/index_dev.php/mesa/34,1493307021,,200
e1d95b,127.0.0.1,GET,http://localhost/elecciones/web/index_dev.php/mesa/flot,1493307022,,500
d2cfc6,127.0.0.1,GET,http://localhost/elecciones/web/index_dev.php/mesa/flot,1493307022,,500
2b7d9f,127.0.0.1,GET,http://localhost/elecciones/web/index_dev.php/mesa/34,1493307259,,500
8f17aa,127.0.0.1,GET,http://localhost/elecciones/web/index_dev.php/mesa/34,1493307311,,500
2a415c,127.0.0.1,GET,http://localhost/elecciones/web/index_dev.php/mesa/34,1493307353,,200
f947a1,127.0.0.1,GET,http://localhost/elecciones/web/index_dev.php/mesa/flot,1493307353,,500
0e1444,127.0.0.1,GET,http://localhost/elecciones/web/index_dev.php/mesa/flot,1493307353,,500
0cc851,127.0.0.1,GET,http://localhost/elecciones/web/index_dev.php/mesa/34,1493308056,,200
9e3dac,127.0.0.1,GET,http://localhost/elecciones/web/index_dev.php/mesa/flot,1493308057,,500
5c09d1,127.0.0.1,GET,http://localhost/elecciones/web/index_dev.php/mesa/tables.html,1493308300,,500
47157b,127.0.0.1,GET,http://localhost/elecciones/web/index_dev.php/mesa/3498,1493308306,,200
3cd8a0,127.0.0.1,GET,http://localhost/elecciones/web/index_dev.php/mesa/flot,1493308306,,500
ab0a9a,127.0.0.1,GET,http://localhost/elecciones/web/index_dev.php/mesa/flot,1493308306,,500
